"","start","starting_allele","end_allele","changed","condition","pyr_abs","drug","pyr_relative_measure","cyc_abs","cyc_relative"
"1","first","0","1000","A1","drug1",-0.279009431,1,-0.199601152,-0.199601152,-0.279009431
"2","first","100","1100","A2","drug1",-0.096866023,1,-0.069297191,-0.069297191,-0.096866023
"3","first","10","1010","A3","drug1",0.078838772,1,0.056400638,0.056400638,0.078838772
"4","first","1","1001","A4","drug1",-0.090708478,1,-0.064892132,-0.064892132,-0.090708478
"5","first","110","1110","A5","drug1",0.052957481,1,0.037885365,0.037885365,0.052957481
"6","first","101","1101","A6","drug1",-0.092386236,1,-0.066092387,-0.066092387,-0.092386236
"7","first","11","1011","A7","drug1",1,1,0.715392135,0.715392135,1
"8","first","111","1111","A8","drug1",0.031113475,1,0.022258335,0.022258335,0.031113475
"9","second","0","100","B1","drug1",-0.02800011,1,-0.020031058,-0.020031058,-0.02800011
"10","second","1000","1100","B2","drug1",0.154143298,1,0.110272903,0.110272903,0.154143298
"11","second","10","110","B3","drug1",0.169439147,1,0.121215433,0.121215433,0.169439147
"12","second","1","101","B4","drug1",0.099819396,1,0.071410011,0.071410011,0.099819396
"13","second","1010","1110","B5","drug1",0.143557856,1,0.102700161,0.102700161,0.143557856
"14","second","11","111","B6","drug1",1.219283263,1,0.872265656,0.872265656,1.219283263
"15","second","1001","1101","B7","drug1",0.098141638,1,0.070209756,0.070209756,0.098141638
"16","second","1011","1111","B8","drug1",0.250396738,1,0.179131857,0.179131857,0.250396738
"17","third","0","10","C1","drug1",-0.170335681,1,-0.121856807,-0.121856807,-0.170335681
"18","third","1000","1010","C2","drug1",0.187512522,1,0.134144983,0.134144983,0.187512522
"19","third","100","110","C3","drug1",0.027103576,1,0.019389685,0.019389685,0.027103576
"20","third","1","11","C4","drug1",-1.274858277,1,-0.912023584,-0.912023584,-1.274858277
"21","third","1100","1110","C5","drug1",0.17692708,1,0.126572241,0.126572241,0.17692708
"22","third","101","111","C6","drug1",-0.15539441,1,-0.111167939,-0.111167939,-0.15539441
"23","third","1101","1111","C7","drug1",-0.031894699,1,-0.022817217,-0.022817217,-0.031894699
"24","third","1001","1011","C8","drug1",-0.184149799,1,-0.131739318,-0.131739318,-0.184149799
"25","fourth","0","1","D1","drug1",-0.122976493,1,-0.087976416,-0.087976416,-0.122976493
"26","fourth","1000","1001","D2","drug1",0.06532446,1,0.046732605,0.046732605,0.06532446
"27","fourth","100","101","D3","drug1",0.004843013,1,0.003464653,0.003464653,0.004843013
"28","fourth","10","11","D4","drug1",-1.227499088,1,-0.878143193,-0.878143193,-1.227499088
"29","fourth","1100","1101","D5","drug1",0.0093228,1,0.006669458,0.006669458,0.0093228
"30","fourth","110","111","D6","drug1",-0.177654973,1,-0.12709297,-0.12709297,-0.177654973
"31","fourth","1010","1011","D7","drug1",-0.306337861,1,-0.219151696,-0.219151696,-0.306337861
"32","fourth","1110","1111","D8","drug1",-0.199498979,1,-0.14272,-0.14272,-0.199498979
"33","first","0","1000","A1","drug2",-0.262397969,2,-0.191238582,-0.181218958,-0.244389161
"34","first","100","1100","A2","drug2",-0.090182966,2,-0.065726357,-0.074397921,-0.100331917
"35","first","10","1010","A3","drug2",0.079105447,2,0.057652937,0.06178346,0.083320245
"36","first","1","1001","A4","drug2",-0.085768635,2,-0.062509143,-0.06422533,-0.086613314
"37","first","110","1110","A5","drug2",0.053056936,2,0.03866849,0.038451109,0.051854587
"38","first","101","1101","A6","drug2",-0.089367443,2,-0.065131994,-0.060242941,-0.081242724
"39","first","11","1011","A7","drug2",0.998417107,2,0.727657579,0.741285527,0.999686512
"40","first","111","1111","A8","drug2",0.031233358,2,0.022763221,0.022973312,0.030981463
"41","second","0","100","B1","drug2",-0.020096418,2,-0.014646494,-0.011451928,-0.015443897
"42","second","1000","1100","B2","drug2",0.152118586,2,0.11086573,0.095369109,0.128613346
"43","second","10","110","B3","drug2",0.169963734,2,0.123871474,0.131069017,0.176757705
"44","second","1","101","B4","drug2",0.099571228,2,0.072568627,0.066153422,0.08921351
"45","second","1010","1110","B5","drug2",0.143915222,2,0.104887027,0.107736666,0.145292047
"46","second","11","111","B6","drug2",1.218868359,2,0.888324923,0.904105201,1.219262675
"47","second","1001","1101","B7","drug2",0.09597242,2,0.069945776,0.070135811,0.0945841
"48","second","1011","1111","B8","drug2",0.25168461,2,0.183430565,0.185792986,0.250557626
"49","third","0","10","C1","drug2",-0.145743612,2,-0.106219578,-0.095657161,-0.129001809
"50","third","1000","1010","C2","drug2",0.195759805,2,0.14267194,0.147345257,0.198707597
"51","third","100","110","C3","drug2",0.044316539,2,0.03229839,0.046863784,0.063199794
"52","third","1","11","C4","drug2",-1.263036779,2,-0.920515363,-0.934541666,-1.260308834
"53","third","1100","1110","C5","drug2",0.187556442,2,0.136693237,0.159712813,0.215386298
"54","third","101","111","C6","drug2",-0.143739648,2,-0.104759067,-0.096589887,-0.130259669
"55","third","1101","1111","C7","drug2",-0.023138848,2,-0.016863851,-0.013373635,-0.018035482
"56","third","1001","1011","C8","drug2",-0.178851037,2,-0.130348641,-0.129030809,-0.174009008
"57","fourth","0","1","D1","drug2",-0.109060667,2,-0.079484637,-0.065458334,-0.088276125
"58","fourth","1000","1001","D2","drug2",0.067568667,2,0.049244802,0.051535293,0.069499721
"59","fourth","100","101","D3","drug2",0.010606978,2,0.007730485,0.012147016,0.016381283
"60","fourth","10","11","D4","drug2",-1.226353834,2,-0.893780422,-0.904342839,-1.219583151
"61","fourth","1100","1101","D5","drug2",0.011422501,2,0.008324847,0.026301995,0.035470475
"62","fourth","110","111","D6","drug2",-0.177449209,2,-0.129326973,-0.131306656,-0.177078181
"63","fourth","1010","1011","D7","drug2",-0.307042175,2,-0.223775779,-0.224840772,-0.303216884
"64","fourth","1110","1111","D8","drug2",-0.199272788,2,-0.145232242,-0.146784453,-0.197951305
"65","first","0","1000","A1","drug3",-0.212496559,3,-0.164360959,-0.123353301,-0.148891744
"66","first","100","1100","A2","drug3",-0.069777452,3,-0.053971175,-0.089766335,-0.108351103
"67","first","10","1010","A3","drug3",0.079986208,3,0.061867402,0.080897028,0.097645539
"68","first","1","1001","A4","drug3",-0.070293389,3,-0.05437024,-0.06130372,-0.073995731
"69","first","110","1110","A5","drug3",0.053386697,3,0.041293322,0.039939693,0.048208604
"70","first","101","1101","A6","drug3",-0.079903685,3,-0.061803571,-0.039994535,-0.048274801
"71","first","11","1011","A7","drug3",0.993184441,3,0.768204192,0.827353433,0.9986445
"72","first","111","1111","A8","drug3",0.031631352,3,0.024466087,0.025303602,0.030542332
"73","second","0","100","B1","drug3",0.00298359,3,0.002307735,0.014063418,0.016975037
"74","second","1000","1100","B2","drug3",0.145702697,3,0.112697519,0.047650384,0.057515678
"75","second","10","110","B3","drug3",0.171698411,3,0.132804576,0.166027337,0.200400796
"76","second","1","101","B4","drug3",0.09869661,3,0.076339445,0.047934646,0.057858792
"77","second","1010","1110","B5","drug3",0.145098899,3,0.112230496,0.125070002,0.150963862
"78","second","11","111","B6","drug3",1.217489404,3,0.941698666,1.010073624,1.219194155
"79","second","1001","1101","B7","drug3",0.089086315,3,0.068906114,0.06924383,0.083579723
"80","second","1011","1111","B8","drug3",0.255936315,3,0.197960562,0.208023793,0.251091986
"81","third","0","10","C1","drug3",-0.070307902,3,-0.054381465,-0.010836098,-0.013079548
"82","third","1000","1010","C2","drug3",0.222174866,3,0.171846896,0.193414231,0.233457734
"83","third","100","110","C3","drug3",0.098406918,3,0.076115376,0.141127821,0.170346211
"84","third","1","11","C4","drug3",-1.225221561,3,-0.947679303,-1.005924904,-1.214186505
"85","third","1100","1110","C5","drug3",0.221571068,3,0.171379873,0.270833848,0.326905918
"86","third","101","111","C6","drug3",-0.106428767,3,-0.082320082,-0.043785926,-0.052851142
"87","third","1101","1111","C7","drug3",0.00510627,3,0.003949576,0.021512211,0.02596599
"88","third","1001","1011","C8","drug3",-0.16174373,3,-0.125104871,-0.117267752,-0.141546274
"89","fourth","0","1","D1","drug3",-0.067643607,3,-0.052320697,0.005924904,0.007151567
"90","fourth","1000","1001","D2","drug3",0.074559563,3,0.057670022,0.067974486,0.082047579
"91","fourth","100","101","D3","drug3",0.028069413,3,0.021711013,0.039796132,0.048035322
"92","fourth","10","11","D4","drug3",-1.222557266,3,-0.945618535,-0.989163902,-1.19395539
"93","fourth","1100","1101","D5","drug3",0.01794318,3,0.013878617,0.089567932,0.108111624
"94","fourth","110","111","D6","drug3",-0.176766272,3,-0.136724445,-0.145117615,-0.175162031
"95","fourth","1010","1011","D7","drug3",-0.309359033,3,-0.239281745,-0.242707497,-0.292956428
"96","fourth","1110","1111","D8","drug3",-0.198521618,3,-0.153551679,-0.159753705,-0.192828304
"97","first","0","1000","A1","drug4",-0.064879123,4,-0.062725418,0.079964565,0.066367724
"98","first","100","1100","A2","drug4",-0.006240301,4,-0.006033151,-0.136475336,-0.113269639
"99","first","10","1010","A3","drug4",0.083679805,4,0.080901999,0.18126835,0.150446236
"100","first","1","1001","A4","drug4",-0.017391182,4,-0.01681387,-0.0401873,-0.033354019
"101","first","110","1110","A5","drug4",0.054791769,4,0.052972921,0.03959095,0.03285907
"102","first","101","1101","A6","drug4",-0.047429957,4,-0.045855489,0.052449002,0.043530792
"103","first","11","1011","A7","drug4",0.971153616,4,0.938915539,1.197833812,0.994159147
"104","first","111","1111","A8","drug4",0.033335935,4,0.032229327,0.034515023,0.028646232
"105","second","0","100","B1","drug4",0.06405365,4,0.061927347,0.088935284,0.073813099
"106","second","1000","1100","B2","drug4",0.122692471,4,0.118619614,-0.127504617,-0.105824264
"107","second","10","110","B3","drug4",0.179009145,4,0.17306682,0.351121447,0.291418221
"108","second","1","101","B4","drug4",0.09435795,4,0.091225677,-0.035296758,-0.029295044
"109","second","1010","1110","B5","drug4",0.15012111,4,0.145137742,0.209444047,0.173831055
"110","second","11","111","B6","drug4",1.211556481,4,1.171338075,1.468614792,1.218897659
"111","second","1001","1101","B7","drug4",0.064319175,4,0.062184059,0.057339544,0.047589767
"112","second","1011","1111","B8","drug4",0.2737388,4,0.264651863,0.305296003,0.253384744
"113","third","0","10","C1","drug4",0.172056085,4,0.166344572,0.318625709,0.264447922
"114","third","1000","1010","C2","drug4",0.320615013,4,0.309971989,0.419929494,0.348526434
"115","third","100","110","C3","drug4",0.287011581,4,0.277484045,0.580811872,0.482053044
"116","third","1","11","C4","drug4",-1.08465726,4,-1.048651356,-1.262891409,-1.048154621
"117","third","1100","1110","C5","drug4",0.348043652,4,0.336490116,0.756878158,0.628181753
"118","third","101","111","C6","drug4",0.032541271,4,0.031461042,0.241020141,0.200038082
"119","third","1101","1111","C7","drug4",0.113307162,4,0.109545857,0.223086162,0.185153522
"120","third","1001","1011","C8","drug4",-0.096112463,4,-0.092921947,-0.024870297,-0.020641455
"121","fourth","0","1","D1","drug4",0.050321822,4,0.048651356,0.262891409,0.21819045
"122","fourth","1000","1001","D2","drug4",0.097809763,4,0.094562904,0.142739544,0.118468708
"123","fourth","100","101","D3","drug4",0.080626123,4,0.077949686,0.138659367,0.115082306
"124","fourth","10","11","D4","drug4",-1.206391524,4,-1.166344572,-1.318625709,-1.094412093
"125","fourth","1100","1101","D5","drug4",0.039436467,4,0.038127348,0.327583705,0.271882738
"126","fourth","110","111","D6","drug4",-0.173844188,4,-0.168073317,-0.201132364,-0.166932656
"127","fourth","1010","1011","D7","drug4",-0.318917713,4,-0.308331032,-0.302060247,-0.250699182
"128","fourth","1110","1111","D8","drug4",-0.195300023,4,-0.188816911,-0.206208291,-0.171145493
"129","first","0","1000","A1","drug5",0.11675736,5,0.210585449,0.528529577,0.186490989
"130","first","100","1100","A2","drug5",0.079695516,5,0.143740112,-0.210497172,-0.074273659
"131","first","10","1010","A3","drug5",0.0976489,5,0.176121124,0.771063421,0.272068747
"132","first","1","1001","A4","drug5",0.078581744,5,0.141731294,0.082451581,0.029092935
"133","first","110","1110","A5","drug5",0.060476151,5,0.109075757,-0.074387061,-0.02624738
"134","first","101","1101","A6","drug5",0.013383788,5,0.024139214,0.365633792,0.129013418
"135","first","11","1011","A7","drug5",0.88607807,5,1.598144631,2.763791512,0.975200318
"136","first","111","1111","A8","drug5",0.040386438,5,0.072841628,0.058170716,0.020525463
"137","second","0","100","B1","drug5",0.107412863,5,0.193731565,0.201150451,0.070975681
"138","second","1000","1100","B2","drug5",0.070351019,5,0.126886227,-0.537876298,-0.189788967
"139","second","10","110","B3","drug5",0.207252447,5,0.373803841,1.547122088,0.54590006
"140","second","1","101","B4","drug5",0.075255456,5,0.135731949,-0.314896788,-0.111110931
"141","second","1010","1110","B5","drug5",0.170079699,5,0.306758475,0.701671606,0.247583933
"142","second","11","111","B6","drug5",1.186529192,5,2.140043098,3.450815764,1.217615951
"143","second","1001","1101","B7","drug5",0.0100575,5,0.018139869,-0.031714577,-0.011190448
"144","second","1011","1111","B8","drug5",0.34083756,5,0.614740095,0.745194967,0.262941096
"145","third","0","10","C1","drug5",0.586640464,5,1.058074159,1.279157577,0.451349123
"146","third","1000","1010","C2","drug5",0.567532004,5,1.023609833,1.52169142,0.536926881
"147","third","100","110","C3","drug5",0.686480048,5,1.238146435,2.625129213,0.926273502
"148","third","1","11","C4","drug5",-0.724755584,5,-1.307180805,-1.866056821,-0.658435775
"149","third","1100","1110","C5","drug5",0.667260684,5,1.203482081,2.761239324,0.974299782
"150","third","101","111","C6","drug5",0.386518152,5,0.697130344,1.89965573,0.670291107
"151","third","1101","1111","C7","drug5",0.413520802,5,0.745832758,1.592192654,0.561803152
"152","third","1001","1011","C8","drug5",0.082740742,5,0.149232531,0.815283111,0.287671608
"153","fourth","0","1","D1","drug5",0.170313856,5,0.307180805,0.866056821,0.305587047
"154","fourth","1000","1001","D2","drug5",0.13213824,5,0.238326651,0.419978825,0.148188994
"155","fourth","100","101","D3","drug5",0.138156449,5,0.24918119,0.350009582,0.123500436
"156","fourth","10","11","D4","drug5",-1.141082192,5,-2.058074159,-2.279157577,-0.804197851
"157","fourth","1100","1101","D5","drug5",0.071844721,5,0.129580292,0.926140546,0.326787513
"158","fourth","110","111","D6","drug5",-0.161805447,5,-0.291834902,-0.375463901,-0.13248196
"159","fourth","1010","1011","D7","drug5",-0.352653022,5,-0.636050652,-0.286429485,-0.101066279
"160","fourth","1110","1111","D8","drug5",-0.18189516,5,-0.328069031,-0.242906123,-0.085709117
"161","first","0","1000","A1","drug6",0.103555013,6,0.561859411,0.957427121,0.096846793
"162","first","100","1100","A2","drug6",0.067030603,6,0.363688576,-0.258139688,-0.026111649
"163","first","10","1010","A3","drug6",0.132248006,6,0.717539254,3.006237037,0.30409042
"164","first","1","1001","A4","drug6",0.090519854,6,0.491134425,0.342292321,0.034623955
"165","first","110","1110","A5","drug6",0.078994144,6,0.428599271,-1.856530688,-0.187793973
"166","first","101","1101","A6","drug6",0.032336099,6,0.175446279,0.797083079,0.080627484
"167","first","11","1011","A7","drug6",0.642465977,6,3.485833701,8.905711235,0.900840965
"168","first","111","1111","A8","drug6",0.065593953,6,0.355893728,-0.129239706,-0.013073007
"169","second","0","100","B1","drug6",0.058997883,6,0.320105369,0.270202156,0.027331806
"170","second","1000","1100","B2","drug6",0.022473473,6,0.121934533,-0.945364653,-0.095626636
"171","second","10","110","B3","drug6",0.283936417,6,1.540556492,8.305434891,0.840121107
"172","second","1","101","B4","drug6",0.037043753,6,0.200988641,-0.692901064,-0.070089142
"173","second","1010","1110","B5","drug6",0.230682555,6,1.25161651,3.442667166,0.348236713
"174","second","11","111","B6","drug6",1.089145147,6,5.909385084,11.98280823,1.212099095
"175","second","1001","1101","B7","drug6",-0.021140002,6,-0.114699506,-0.238110305,-0.024085613
"176","second","1011","1111","B8","drug6",0.512273124,6,2.779445111,2.947857291,0.298185124
"177","third","0","10","C1","drug6",0.740150672,6,4.01584247,2.701584559,0.273273855
"178","third","1000","1010","C2","drug6",0.768843665,6,4.171522313,4.750394475,0.480517482
"179","third","100","110","C3","drug6",0.965089206,6,5.236293593,10.73681729,1.086063156
"180","third","1","11","C4","drug6",-0.29749093,6,-1.614099341,-2.494577341,-0.252334418
"181","third","1100","1110","C5","drug6",0.977052747,6,5.301204289,9.138426294,0.924380832
"182","third","101","111","C6","drug6",0.754610464,6,4.094297102,10.18113195,1.029853819
"183","third","1101","1111","C7","drug6",0.787868318,6,4.274744551,9.254809169,0.936153329
"184","third","1001","1011","C8","drug6",0.254455193,6,1.380599935,6.068841573,0.613882592
"185","fourth","0","1","D1","drug6",0.113183234,6,0.614099341,1.494577341,0.151181243
"186","fourth","1000","1001","D2","drug6",0.100148075,6,0.543374356,0.879442541,0.088958405
"187","fourth","100","101","D3","drug6",0.091229105,6,0.494982613,0.531474121,0.053760295
"188","fourth","10","11","D4","drug6",-0.924458367,6,-5.01584247,-3.701584559,-0.37442703
"189","fourth","1100","1101","D5","drug6",0.056534601,6,0.306740317,1.586696889,0.160499428
"190","fourth","110","111","D6","drug6",-0.119249637,6,-0.647013878,-0.024211219,-0.002449042
"191","fourth","1010","1011","D7","drug6",-0.414240397,6,-2.247548022,2.197889639,0.222323515
"192","fourth","1110","1111","D8","drug6",-0.132649828,6,-0.719719421,1.703079764,0.172271925
"193","first","0","1000","A1","drug7",0.035523157,7,0.74967151,1.139684695,0.02820314
"194","first","100","1100","A2","drug7",0.023136044,7,0.488257073,-0.274016909,-0.006780943
"195","first","10","1010","A3","drug7",0.138426306,7,2.921312913,5.98036421,0.147992731
"196","first","1","1001","A4","drug7",0.036078247,7,0.76138599,0.513878739,0.01271667
"197","first","110","1110","A5","drug7",0.103792831,7,2.190417034,-13.1653616,-0.325795847
"198","first","101","1101","A6","drug7",0.013585068,7,0.286695765,1.018862147,0.025213212
"199","first","11","1011","A7","drug7",0.293359133,7,6.190975168,27.3696292,0.67730092
"200","first","111","1111","A8","drug7",0.116735231,7,2.463550092,-5.414730085,-0.1339953
"201","second","0","100","B1","drug7",0.017717746,7,0.373910715,0.292762823,0.007244838
"202","second","1000","1100","B2","drug7",0.005330632,7,0.112496278,-1.12093878,-0.027739246
"203","second","10","110","B3","drug7",0.326348427,7,6.887172681,29.64520522,0.733613329
"204","second","1","101","B4","drug7",0.01132101,7,0.238915657,-0.88412922,-0.021879052
"205","second","1010","1110","B5","drug7",0.291714952,7,6.156276802,10.49947942,0.25982475
"206","second","11","111","B6","drug7",0.803645395,7,16.95992429,48.03862881,1.188785104
"207","second","1001","1101","B7","drug7",-0.011172169,7,-0.235774568,-0.379145812,-0.00938251
"208","second","1011","1111","B8","drug7",0.627021494,7,13.23249922,15.25426953,0.377488884
"209","third","0","10","C1","drug7",0.46008102,7,9.709430701,3.566798652,0.088265573
"210","third","1000","1010","C2","drug7",0.562984169,7,11.8810721,8.407478167,0.208055164
"211","third","100","110","C3","drug7",0.768711702,7,16.22269267,32.91924105,0.814634064
"212","third","1","11","C4","drug7",-0.083759088,7,-1.767630095,-2.778690148,-0.068762692
"213","third","1100","1110","C5","drug7",0.849368489,7,17.92485263,20.02789636,0.49561916
"214","third","101","111","C6","drug7",0.708565298,7,14.95337854,46.14406788,1.141901464
"215","third","1101","1111","C7","drug7",0.811715461,7,17.13023287,39.71047565,0.982692952
"216","third","1001","1011","C8","drug7",0.173521798,7,3.661959083,24.07706031,0.595821558
"217","fourth","0","1","D1","drug7",0.036374124,7,0.767630095,1.778690148,0.044016251
"218","fourth","1000","1001","D2","drug7",0.036929214,7,0.779344574,1.152884193,0.028529781
"219","fourth","100","101","D3","drug7",0.029977388,7,0.632635037,0.601798105,0.014892361
"220","fourth","10","11","D4","drug7",-0.507465984,7,-10.7094307,-4.566798652,-0.113012014
"221","fourth","1100","1101","D5","drug7",0.020426413,7,0.431073729,1.89467716,0.046886517
"222","fourth","110","111","D6","drug7",-0.030169015,7,-0.63667909,13.82662494,0.342159761
"223","fourth","1010","1011","D7","drug7",-0.352533157,7,-7.439768447,16.82246633,0.416296174
"224","fourth","1110","1111","D8","drug7",-0.017226615,7,-0.363546032,21.57725645,0.533960308
"225","first","0","1000","A1","drug8",0.009071323,8,0.807032369,1.190265151,0.006898861
"226","first","100","1100","A2","drug8",0.005922393,8,0.526887086,-0.278065669,-0.001611688
"227","first","10","1010","A3","drug8",0.068874875,8,6.127469549,7.444295469,0.043147664
"228","first","1","1001","A4","drug8",0.009641851,8,0.857789553,0.569726773,0.003302177
"229","first","110","1110","A5","drug8",0.074813,8,6.655756259,-34.51677105,-0.200061653
"230","first","101","1101","A6","drug8",0.003654618,8,0.325133939,1.084524682,0.006285982
"231","first","11","1011","A7","drug8",0.087517244,8,7.785992391,56.34056422,0.326553906
"232","first","111","1111","A8","drug8",0.113480934,8,10.09585824,-69.66665154,-0.403792853
"233","second","0","100","B1","drug8",0.004370852,8,0.388853841,0.298482894,0.001730028
"234","second","1000","1100","B2","drug8",0.001221922,8,0.108708558,-1.169847926,-0.006780522
"235","second","10","110","B3","drug8",0.184184796,8,16.38604408,58.35218587,0.338213407
"236","second","1","101","B4","drug8",0.002819762,8,0.25086077,-0.940363218,-0.005450412
"237","second","1010","1110","B5","drug8",0.190122921,8,16.91433079,16.39111935,0.09500409
"238","second","11","111","B6","drug8",0.376481052,8,33.49372611,189.3385111,1.097419438
"239","second","1001","1101","B7","drug8",-0.003167471,8,-0.281794844,-0.425565309,-0.002466607
"240","second","1011","1111","B8","drug8",0.402444743,8,35.80359195,63.33129534,0.367072679
"241","third","0","10","C1","drug8",0.160641175,8,14.29148023,3.847840024,0.022302354
"242","third","1000","1010","C2","drug8",0.220444727,8,19.61191741,10.10187034,0.058551157
"243","third","100","110","C3","drug8",0.34045512,8,30.28867047,61.901543,0.358785733
"244","third","1","11","C4","drug8",-0.020380512,8,-1.813157052,-2.859462803,-0.016573649
"245","third","1100","1110","C5","drug8",0.409345727,8,36.41753964,27.66283762,0.160335769
"246","third","101","111","C6","drug8",0.353280779,8,31.42970829,187.4194115,1.0862962
"247","third","1101","1111","C7","drug8",0.463107096,8,41.20043258,116.6682353,0.676217366
"248","third","1001","1011","C8","drug8",0.057494882,8,5.115045786,52.91137465,0.30667808
"249","fourth","0","1","D1","drug8",0.009140166,8,0.813157052,1.859462803,0.010777578
"250","fourth","1000","1001","D2","drug8",0.009710694,8,0.863914236,1.238924425,0.007180894
"251","fourth","100","101","D3","drug8",0.007589076,8,0.675163981,0.62061669,0.003597138
"252","fourth","10","11","D4","drug8",-0.17188152,8,-15.29148023,-4.847840024,-0.028098425
"253","fourth","1100","1101","D5","drug8",0.005321301,8,0.473410834,1.983207042,0.011494809
"254","fourth","110","111","D6","drug8",0.020414736,8,1.816201802,126.1384852,0.731107606
"255","fourth","1010","1011","D7","drug8",-0.153239151,8,-13.63295739,44.04842873,0.255307817
"256","fourth","1110","1111","D8","drug8",0.05908267,8,5.256303779,90.98860471,0.527376406
"257","first","0","1000","A1","drug9",0.002146026,9,0.82128417,1.202498815,0.001615375
"258","first","100","1100","A2","drug9",0.001401929,9,0.536518319,-0.279023553,-0.000374826
"259","first","10","1010","A3","drug9",0.020304785,9,7.77064076,7.870340992,0.010572612
"260","first","1","1001","A4","drug9",0.002306868,9,0.882838213,0.583824422,0.00078428
"261","first","110","1110","A5","drug9",0.02671659,9,10.22443872,-47.55360685,-0.063881076
"262","first","101","1101","A6","drug9",0.000875403,9,0.335016603,1.10067705,0.001478593
"263","first","11","1011","A7","drug9",0.021677984,9,8.296164319,74.99223822,0.100740726
"264","first","111","1111","A8","drug9",0.047952706,9,18.35149982,-404.9735182,-0.544020649
"265","second","0","100","B1","drug9",0.001025526,9,0.392468783,0.299834277,0.000402782
"266","second","1000","1100","B2","drug9",0.000281429,9,0.107702932,-1.181688091,-0.001587419
"267","second","10","110","B3","drug9",0.057814776,9,22.12571378,73.99123734,0.099396032
"268","second","1","101","B4","drug9",0.000663322,9,0.253853154,-0.954169882,-0.001281783
"269","second","1010","1110","B5","drug9",0.064226581,9,24.57951174,18.5672895,0.024942344
"270","second","11","111","B6","drug9",0.114060527,9,43.65096192,613.0018494,0.823475237
"271","second","1001","1101","B7","drug9",-0.000768143,9,-0.293968455,-0.437317254,-0.00058747
"272","second","1011","1111","B8","drug9",0.140335248,9,53.70629743,133.036093,0.178713862
"273","third","0","10","C1","drug9",0.041888476,9,16.0307193,3.918967973,0.005264541
"274","third","1000","1010","C2","drug9",0.060047235,9,22.98007589,10.58681015,0.014221778
"275","third","100","110","C3","drug9",0.098677726,9,37.7639643,77.61037104,0.104257791
"276","third","1","11","C4","drug9",-0.004767109,9,-1.824372683,-2.879127763,-0.003867673
"277","third","1100","1110","C5","drug9",0.123992387,9,47.4518847,30.33578774,0.040751541
"278","third","101","111","C6","drug9",0.108630096,9,41.57273608,611.0768915,0.820889347
"279","third","1101","1111","C7","drug9",0.155707399,9,59.5892193,205.0026963,0.275390105
"280","third","1001","1011","C8","drug9",0.014604007,9,5.588953423,71.52928603,0.096088773
"281","fourth","0","1","D1","drug9",0.002154096,9,0.824372683,1.879127763,0.002524324
"282","fourth","1000","1001","D2","drug9",0.002314938,9,0.885926726,1.260453369,0.001693228
"283","fourth","100","101","D3","drug9",0.001791892,9,0.685757054,0.625123603,0.000839759
"284","fourth","10","11","D4","drug9",-0.044501489,9,-17.0307193,-4.918967973,-0.006607889
"285","fourth","1100","1101","D5","drug9",0.001265365,9,0.484255338,2.004824206,0.002693178
"286","fourth","110","111","D6","drug9",0.011744262,9,4.49452884,534.0916441,0.717471315
"287","fourth","1010","1011","D7","drug9",-0.04312829,9,-16.50519574,62.20292925,0.083560224
"288","fourth","1110","1111","D8","drug9",0.032980377,9,12.62158995,176.6717327,0.237331742
"289","first","0","1000","A1","drug10",0.000498535,10,0.824634335,1.205355844,0.000374363
"290","first","100","1100","A2","drug10",0.000325724,10,0.538784116,-0.279246083,-8.67291e-05
"291","first","10","1010","A3","drug10",0.004989983,10,8.254004164,7.974659152,0.002476795
"292","first","1","1001","A4","drug10",0.000537322,10,0.888791409,0.58715073,0.000182359
"293","first","110","1110","A5","drug10",0.006951447,10,11.49849019,-51.68874082,-0.016053653
"294","first","101","1101","A6","drug10",0.000203951,10,0.337359073,1.104464487,0.000343028
"295","first","11","1011","A7","drug10",0.005093163,10,8.424675944,81.22938428,0.02522848
"296","first","111","1111","A8","drug10",0.013178011,10,21.79794107,-1023.389059,-0.317847423
"297","second","0","100","B1","drug10",0.000237779,10,0.39331305,0.300148119,9.3221e-05
"298","second","1000","1100","B2","drug10",6.4967e-05,10,0.107462831,-1.184453808,-0.000367871
"299","second","10","110","B3","drug10",0.014472902,10,23.93983872,78.80239829,0.024474699
"300","second","1","101","B4","drug10",0.000153894,10,0.254557962,-0.957405795,-0.000297354
"301","second","1010","1110","B5","drug10",0.016434365,10,27.18432475,19.13899831,0.005944251
"302","second","11","111","B6","drug10",0.028393902,10,46.96677003,1274.402666,0.395808026
"303","second","1001","1101","B7","drug10",-0.000179476,10,-0.296874374,-0.440092037,-0.000136685
"304","second","1011","1111","B8","drug10",0.03647875,10,60.34003516,169.7842229,0.052732123
"305","third","0","10","C1","drug10",0.009971458,10,16.49393568,3.93576462,0.001222382
"306","third","1000","1010","C2","drug10",0.014462906,10,23.92330551,10.70506793,0.003324814
"307","third","100","110","C3","drug10",0.024206582,10,40.04046134,82.43801479,0.02560386
"308","third","1","11","C4","drug10",-0.001104521,10,-1.827003643,-2.883727563,-0.000895637
"309","third","1100","1110","C5","drug10",0.030832305,10,51.00016742,31.02852005,0.009636936
"310","third","101","111","C6","drug10",0.027135488,10,44.88520843,1272.476344,0.395209743
"311","third","1101","1111","C7","drug10",0.040109547,10,66.34579043,247.9828209,0.077019292
"312","third","1001","1011","C8","drug10",0.003451321,10,5.708880892,77.75850599,0.024150484
"313","fourth","0","1","D1","drug10",0.000499968,10,0.827003643,1.883727563,0.000585054
"314","fourth","1000","1001","D2","drug10",0.000538754,10,0.891160717,1.265522449,0.00039305
"315","fourth","100","101","D3","drug10",0.000416083,10,0.688248555,0.62617365,0.000194479
"316","fourth","10","11","D4","drug10",-0.010576012,10,-17.49393568,-4.93576462,-0.001532965
"317","fourth","1100","1101","D5","drug10",0.000294311,10,0.486823512,2.00988422,0.000624236
"318","fourth","110","111","D6","drug10",0.003344989,10,5.532995639,1190.664503,0.369800362
"319","fourth","1010","1011","D7","drug10",-0.010472831,10,-17.3232639,68.31896051,0.02121872
"320","fourth","1110","1111","D8","drug10",0.009571553,10,15.83244652,218.9641851,0.068006592
